query_id,predicted_pd_cf,pd_cf_lower_90,pd_cf_upper_90
q00000,0.19583333333333333,0.11044072839093666,0.28122593827573
q00001,0.15061770833333332,0.1141251421186339,0.18711027454803275
q00002,0.19583333333333333,0.11044072839093666,0.28122593827573
q00003,0.75,0.5935883492222274,0.9064116507777726
q00004,0.75,0.6831574141975331,0.8168425858024669
q00005,0.75,0.6831574141975331,0.8168425858024669
q00006,0.19583333333333333,0.15230082979178272,0.23936583687488394
q00007,0.19583333333333333,0.171648609143583,0.22001805752308368
q00008,0.19583333333333333,0.171648609143583,0.22001805752308368
q00009,0.11662422108783665,0.10413907074173503,0.12910937143393827
q00010,0.12040133779264214,0.10791618744654052,0.13288648813874376
q00011,0.12040133779264214,0.10791618744654052,0.13288648813874376
q00012,0.19583333333333333,0.16815436878157727,0.2235122978850894
q00013,0.19583333333333333,0.15985067941605047,0.2318159872506162
q00014,0.19583333333333333,0.16815436878157727,0.2235122978850894
q00015,0.1168940151381799,0.09658484490795635,0.13720318536840345
q00016,0.12040133779264214,0.1000921675624186,0.1407105080228657
q00017,0.12040133779264214,0.1000921675624186,0.1407105080228657
q00018,0.3898305084745763,0.3561352211306197,0.4235257958185329
q00019,0.3898305084745763,0.32917899125545447,0.4504820256936981
q00020,0.3898305084745763,0.3561352211306197,0.4235257958185329
q00021,0.12040133779264214,0.10861071024332361,0.13219196534196068
q00022,0.13696451714046823,0.1251738895911497,0.14875514468978676
q00023,0.11662422108783665,0.10483359353851812,0.1284148486371552
q00024,0.23333333333333334,0.21209614257272166,0.254570524093945
q00025,0.23333333333333334,0.21209614257272166,0.254570524093945
q00026,0.2833333333333333,0.23363830695350202,0.33302835971316463
q00027,0.07586206896551723,0.0664738929491049,0.08525024498192955
q00028,0.07586206896551723,0.0664738929491049,0.08525024498192955
q00029,0.07586206896551723,0.0664738929491049,0.08525024498192955
q00030,0.75,0.7162264227680474,0.7837735772319526
q00031,0.75,0.7060943495984616,0.7939056504015384
q00032,0.75,0.7162264227680474,0.7837735772319526
q00033,0.19583333333333333,0.16742691746431068,0.22423974920235598
q00034,0.19583333333333333,0.17398224420331593,0.21768442246335074
q00035,0.19583333333333333,0.17398224420331593,0.21768442246335074
q00036,0.19583333333333333,0.17735902832237624,0.21430763834429042
q00037,0.19583333333333333,0.1855698305494683,0.20609683611719837
q00038,0.19583333333333333,0.1855698305494683,0.20609683611719837
q00039,0.07586206896551723,0.06185068059208312,0.08987345733895133
q00040,0.07586206896551723,0.06185068059208312,0.08987345733895133
q00041,0.07586206896551723,0.06185068059208312,0.08987345733895133
q00042,0.029585798816568046,0.025293138973985694,0.033878458659150394
q00043,0.029585798816568046,0.025293138973985694,0.033878458659150394
q00044,0.029585798816568046,0.02400534102121099,0.0351662566119251
q00045,0.11578947368421053,0.08800065790444658,0.14357828946397447
q00046,0.1725405701754386,0.12252070177186351,0.2225604385790137
q00047,0.11578947368421053,0.08800065790444658,0.14357828946397447
q00048,0.4180327868852459,0.3677496264788628,0.46831594729162906
q00049,0.4180327868852459,0.3677496264788628,0.46831594729162906
q00050,0.4180327868852459,0.35266467835694787,0.483400895413544
q00051,0.75,0.5732315490993857,0.9267684509006143
q00052,0.75,0.6517953050552142,0.8482046949447858
q00053,0.75,0.6517953050552142,0.8482046949447858
q00054,0.16666666666666666,0.15075417992909323,0.18257915340424008
q00055,0.19583333333333333,0.1799208465957599,0.21174582007090675
q00056,0.19583333333333333,0.1671908572057012,0.22447580946096546
q00057,0.19583333333333333,0.1670213138612281,0.22464535280543857
q00058,0.19583333333333333,0.1670213138612281,0.22464535280543857
q00059,0.19583333333333333,0.1670213138612281,0.22464535280543857
q00060,0.40817708333333336,0.36764094939935466,0.44871321726731206
q00061,0.5729166666666667,0.5202196925524945,0.625613640780839
q00062,0.6458333333333334,0.6052971993993547,0.6863694672673121
q00063,0.07586206896551723,0.058876888017804316,0.09284724991323014
q00064,0.07586206896551723,0.05378133373349045,0.097942804197544
q00065,0.10744041056394879,0.07686708485806557,0.13801373626983202
q00066,0.15278333333333333,0.1434362181042713,0.16213044856239536
q00067,0.1266934225195095,0.11734630729044747,0.13604053774857153
q00068,0.16666666666666666,0.149841859254355,0.1834914740789783
q00069,0.3442622950819672,0.2835099332655834,0.40501465689835103
q00070,0.37657015837732705,0.3158177965609432,0.4373225201937109
q00071,0.3442622950819672,0.2835099332655834,0.40501465689835103
q00072,0.07586206896551723,0.056709717375095406,0.09501442055593905
q00073,0.07781602434077078,0.06308344619429246,0.09254860248724911
q00074,0.07586206896551723,0.0611294908190389,0.09059464711199555
q00075,0.6458333333333334,0.6066517737578839,0.6850148929087828
q00076,0.6458333333333334,0.6156936721214492,0.6759729945452175
q00077,0.4180327868852459,0.3878931256733617,0.44817244809713014
q00078,0.4180327868852459,0.3188509986242152,0.5172145751462767
q00079,0.4180327868852459,0.3188509986242152,0.5172145751462767
q00080,0.4180327868852459,0.28909646214590595,0.5469691116245858
q00081,0.19583333333333333,0.14592966786357575,0.2457369988030909
q00082,0.19583333333333333,0.16810907473902356,0.2235575919276431
q00083,0.19583333333333333,0.16810907473902356,0.2235575919276431
q00084,0.07586206896551723,0.0575101358219057,0.09421400210912875
q00085,0.07586206896551723,0.0575101358219057,0.09421400210912875
q00086,0.07586206896551723,0.052004555878822245,0.09971958205221221
q00087,0.12040133779264214,0.10664101767109921,0.13416165791418508
q00088,0.12040133779264214,0.10664101767109921,0.13416165791418508
q00089,0.12040133779264214,0.10664101767109921,0.13416165791418508
q00090,0.0784313725490196,0.06286184176049416,0.09400090333754506
q00091,0.11034953111679455,0.0947800003282691,0.12591906190531998
q00092,0.07714672075726842,0.04071401871211887,0.11357942280241796
q00093,0.4180327868852459,0.28560691219193673,0.5504586615785552
q00094,0.3965849541539317,0.29471889669754003,0.49845101161032335
q00095,0.4180327868852459,0.28560691219193673,0.5504586615785552
q00096,0.140625,0.12916271216844896,0.15208728783155104
q00097,0.140625,0.12916271216844896,0.15208728783155104
q00098,0.140625,0.11380324647417055,0.16744675352582944
q00099,0.15,0.11731994746386161,0.1826800525361384
q00100,0.15,0.11731994746386161,0.1826800525361384
q00101,0.142078125,0.10939807246386161,0.17475817753613837
q00102,0.029585798816568046,0.016477295741843173,0.04269430189129292
q00103,0.06283529891858802,0.05723337452767996,0.06843722330949609
q00104,0.029585798816568046,0.02230329710838756,0.03686830052474853
q00105,0.10527316821465428,0.09359655648288014,0.11694977994642843
q00106,0.0784313725490196,0.05741347143182615,0.09944927366621306
q00107,0.0784313725490196,0.06325177729771322,0.09361096780032599
q00108,0.5379282606113163,0.3409406200490471,0.7349159011735854
q00109,0.6458333333333334,0.503564481816139,0.7881021848505277
q00110,0.6458333333333334,0.503564481816139,0.7881021848505277
q00111,0.11578947368421053,0.10310334212929428,0.12847560523912677
q00112,0.0784313725490196,0.06574524099410337,0.09111750410393585
q00113,0.12040133779264214,0.1077152062377259,0.13308746934755838
q00114,0.11578947368421053,0.07443855472105687,0.15714039264736418
q00115,0.11578947368421053,0.08398107448178463,0.14759787288663642
q00116,0.11578947368421053,0.08398107448178463,0.14759787288663642
q00117,0.7,0.6202458938095912,0.7797541061904087
q00118,0.6532,0.5918506875458394,0.7145493124541606
q00119,0.7,0.6386506875458393,0.7613493124541606
q00120,0.15,0.11622099867715949,0.1837790013228405
q00121,0.15,0.11622099867715949,0.1837790013228405
q00122,0.15,0.11622099867715949,0.1837790013228405
q00123,0.733812414056046,0.6892854469059543,0.7783393812061378
q00124,0.8,0.7421149427048808,0.8578850572951193
q00125,0.7136,0.6690730328499083,0.7581269671500918
q00126,0.4180327868852459,0.3091600501280839,0.526905523642408
q00127,0.4180327868852459,0.2764982291009353,0.5595673446695566
q00128,0.6533975409836066,0.45742661482071495,0.8493684671464983
q00129,0.4180327868852459,0.36150966142701185,0.47455591234348
q00130,0.4180327868852459,0.36150966142701185,0.47455591234348
q00131,0.4180327868852459,0.31629116106042465,0.5197744127100672
q00132,0.3898305084745763,0.2383369058697088,0.5413241110794438
q00133,0.3898305084745763,0.2732969680092936,0.506364048939859
q00134,0.3442622950819672,0.22772875461668451,0.4607958355472499
q00135,0.19583333333333333,0.16561623739625636,0.2260504292704103
q00136,0.19583333333333333,0.16561623739625636,0.2260504292704103
q00137,0.19583333333333333,0.16561623739625636,0.2260504292704103
q00138,0.3333333333333333,0.27223994341077273,0.3944267232558939
q00139,0.3333333333333333,0.25391192643400456,0.41275474023266207
q00140,0.3333333333333333,0.27223994341077273,0.3944267232558939
q00141,0.15740520833333332,0.10458171912224681,0.21022869754441983
q00142,0.23333333333333334,0.18050984412224683,0.2861568225444199
q00143,0.23333333333333334,0.13825105275337762,0.32841561391328905
q00144,0.19583333333333333,0.17377929114217738,0.21788737552448928
q00145,0.19583333333333333,0.1788686854939826,0.21279798117268406
q00146,0.19583333333333333,0.1788686854939826,0.21279798117268406
q00147,0.12040133779264214,0.09791538711213704,0.14288728847314724
q00148,0.12040133779264214,0.06778421320026021,0.17301846238502408
q00149,0.12040133779264214,0.09791538711213704,0.14288728847314724
q00150,1.0,0.9635898106784676,1.0
q00151,1.0,0.9797721170435931,1.0
q00152,0.8563000000000001,0.8360721170435932,0.8765278829564069
q00153,0.19583333333333333,0.1152699524243564,0.27639671424231027
q00154,0.19583333333333333,0.1152699524243564,0.27639671424231027
q00155,0.19583333333333333,0.15107589949501282,0.24059076717165384
q00156,1.0,0.9399475149427038,1.0
q00157,0.8334,0.7872057807251568,0.8795942192748433
q00158,1.0,0.9399475149427038,1.0
q00159,0.19583333333333333,0.13278695306854071,0.25887971359812595
q00160,0.13066008918617616,0.08216287359787415,0.17915730477447817
q00161,0.19583333333333333,0.1473361177450313,0.24433054892163536
q00162,0.12040133779264214,0.09517852774716164,0.14562414783812266
q00163,0.1168940151381799,0.0916712050926994,0.14211682518366042
q00164,0.12040133779264214,0.09517852774716164,0.14562414783812266
q00165,0.6458333333333334,0.6172211949906894,0.6744454716759773
q00166,0.6458333333333334,0.6238239961466842,0.6678426705199826
q00167,0.6458333333333334,0.6238239961466842,0.6678426705199826
q00168,0.07781602434077078,0.06500215688010362,0.09062989180143795
q00169,0.07586206896551723,0.05920404126664991,0.09252009666438454
q00170,0.07586206896551723,0.05920404126664991,0.09252009666438454
q00171,0.12667543859649122,0.04314741416162196,0.21020346303136048
q00172,0.2188040422885572,0.13527601785368795,0.3023320667234265
q00173,0.14984479166666667,0.0,0.30019523564943135
q00174,0.19583333333333333,0.17310326006319607,0.2185634066034706
q00175,0.19583333333333333,0.17310326006319607,0.2185634066034706
q00176,0.19583333333333333,0.1662842380821549,0.22538242858451177
q00177,0.3898305084745763,0.3487796761081319,0.4308813408410207
q00178,0.41292817449291475,0.3718773421264703,0.4539790068593592
q00179,0.3898305084745763,0.3487796761081319,0.4308813408410207
q00180,0.22860696517412937,0.1882247648000781,0.26898916554818064
q00181,0.23333333333333334,0.20227010227637082,0.26439656439029585
q00182,0.20093333333333335,0.16987010227637084,0.23199656439029587
q00183,0.4180327868852459,0.3627965075625693,0.47326906620792253
q00184,0.4180327868852459,0.3462256237657663,0.4898399500047255
q00185,0.4180327868852459,0.3627965075625693,0.47326906620792253
q00186,0.75,0.6981194343634914,0.8018805656365086
q00187,0.75,0.6981194343634914,0.8018805656365086
q00188,0.6458333333333334,0.5939527676968248,0.6977138989698419
q00189,0.19583333333333333,0.18229009952041939,0.20937656714624728
q00190,0.19583333333333333,0.18229009952041939,0.20937656714624728
q00191,0.19583333333333333,0.17822712937654522,0.21343953729012144
q00192,0.4180327868852459,0.373290282334299,0.46277529143619284
q00193,0.3486639344262295,0.3039214298752826,0.3934064389771764
q00194,0.4180327868852459,0.3598675309690149,0.47619804280147693
q00195,0.19583333333333333,0.1534442339390703,0.23822243272759636
q00196,0.3864458333333333,0.3440567339390703,0.4288349327275963
q00197,0.19583333333333333,0.1534442339390703,0.23822243272759636
q00198,0.11977412427389544,0.10652635339762107,0.13302189515016982
q00199,0.11578947368421053,0.09194348610691665,0.1396354612615044
q00200,0.11578947368421053,0.09856737154505384,0.1330115758233672
q00201,0.11578947368421053,0.10658524888557107,0.12499369848284998
q00202,0.11578947368421053,0.10658524888557107,0.12499369848284998
q00203,0.11578947368421053,0.10382398144597924,0.12775496592244182
q00204,0.19583333333333333,0.1376243731859736,0.25404229348069307
q00205,0.19583333333333333,0.15105721014305662,0.24060945652361004
q00206,0.19583333333333333,0.15105721014305662,0.24060945652361004
q00207,0.19583333333333333,0.1420925039851971,0.24957416268146956
q00208,0.19583333333333333,0.1420925039851971,0.24957416268146956
q00209,0.19583333333333333,0.12597025518075622,0.26569641148591044
q00210,0.4180327868852459,0.35946371969747104,0.4766018540730208
q00211,0.3619303278688525,0.3033612606810776,0.42049939505662737
q00212,0.4180327868852459,0.34189299954113855,0.4941725742293533
q00213,0.19583333333333333,0.17047794498071123,0.22118872168595544
q00214,0.19583333333333333,0.17047794498071123,0.22118872168595544
q00215,0.19583333333333333,0.17047794498071123,0.22118872168595544
q00216,0.19583333333333333,0.1539250603793091,0.23774160628735758
q00217,0.3010694672131148,0.22563457589587116,0.3765043585303584
q00218,0.19583333333333333,0.1539250603793091,0.23774160628735758
q00219,0.6458333333333334,0.5442098652042161,0.7474568014624506
q00220,0.5243541666666667,0.3414319240342556,0.7072764092990778
q00221,0.2772833333333333,0.17565986520421606,0.3789068014624506
q00222,0.3898305084745763,0.3651518619639882,0.4145091549851644
q00223,0.3898305084745763,0.3651518619639882,0.4145091549851644
q00224,0.3898305084745763,0.3577482680108117,0.42191274893834085
q00225,0.0,0.0,0.006191025687036097
q00226,0.029585798816568046,0.02339477312953195,0.03577682450360414
q00227,0.020976331360946746,0.014785305673910648,0.027167357047982843
q00228,0.021526517548596174,0.017090180449776927,0.02596285464741542
q00229,0.05792207148800815,0.05348573438918891,0.062358408586827396
q00230,0.05792207148800815,0.05348573438918891,0.062358408586827396
q00231,0.12040133779264214,0.10290256997445033,0.13790010561083396
q00232,0.12040133779264214,0.10290256997445033,0.13790010561083396
q00233,0.12040133779264214,0.10290256997445033,0.13790010561083396
q00234,0.19583333333333333,0.17128657876207629,0.22038008790459038
q00235,0.19583333333333333,0.16392255239069917,0.2277441142759675
q00236,0.19583333333333333,0.17128657876207629,0.22038008790459038
q00237,0.19583333333333333,0.17013517546487944,0.22153149120178722
q00238,0.19583333333333333,0.17013517546487944,0.22153149120178722
q00239,0.19583333333333333,0.17013517546487944,0.22153149120178722
q00240,0.15,0.13598716601847577,0.16401283398152422
q00241,0.15,0.13598716601847577,0.16401283398152422
q00242,0.15,0.13598716601847577,0.16401283398152422
q00243,0.38222061683801056,0.34794329191858286,0.41649794175743826
q00244,0.3442622950819672,0.3099849701625395,0.3785396200013949
q00245,0.37657015837732705,0.34229283345789935,0.41084748329675475
q00246,0.12040133779264214,0.10569539325424829,0.135107282331036
q00247,0.12040133779264214,0.10128360989273012,0.13951906569255418
q00248,0.17776737040133778,0.16306142586294392,0.19247331493973163
q00249,0.0686892470924301,0.05850299450887485,0.07887549967598535
q00250,0.029585798816568046,0.019399546233012797,0.0397720514001233
q00251,0.029585798816568046,0.019399546233012797,0.0397720514001233
q00252,0.3898305084745763,0.3309192360858418,0.4487417808633108
q00253,0.3427683615819209,0.2367280712821988,0.44880865188164304
q00254,0.3898305084745763,0.28379021817485417,0.4958707987742984
q00255,0.1237786893812709,0.08705264615779879,0.16050473260474302
q00256,0.140625,0.11410063544971458,0.16714936455028542
q00257,0.140625,0.1202216426536266,0.16102835734637339
q00258,0.32560313188157575,0.28680879484497396,0.36439746891817754
q00259,0.20051722636815922,0.16172288933155743,0.239311563404761
q00260,0.22388059701492538,0.17344795886734307,0.2743132351625077
q00261,1.0,0.9716952247857482,1.0
q00262,1.0,0.9716952247857482,1.0
q00263,1.0,0.9716952247857482,1.0
q00264,0.1896,0.1621663505080589,0.2170336494919411
q00265,0.30015000000000003,0.2727163505080589,0.32758364949194113
q00266,0.15,0.12256635050805889,0.1774336494919411
q00267,0.0784313725490196,0.06738454560750613,0.08947819949053308
q00268,0.12890290948275862,0.11785608254124515,0.13994973642427208
q00269,0.07586206896551723,0.06481524202400375,0.0869088959070307
q00270,0.140625,0.10839418315382493,0.17285581684617507
q00271,0.12315175585284281,0.09835881981732353,0.1479446918883621
q00272,0.140625,0.10839418315382493,0.17285581684617507
q00273,0.11578947368421053,0.10169145479998079,0.12988749256844026
q00274,0.11578947368421053,0.10169145479998079,0.12988749256844026
q00275,0.11578947368421053,0.09746204913471188,0.13411689823370918
q00276,0.16666666666666666,0.13368770204940095,0.19964563128393237
q00277,0.15,0.11702103538273428,0.1829789646172657
q00278,0.16666666666666666,0.12379401266422124,0.20953932066911207
q00279,0.19583333333333333,0.17765566110045133,0.21401100556621533
q00280,0.19583333333333333,0.17765566110045133,0.21401100556621533
q00281,0.19583333333333333,0.1722023594305867,0.21946430723607996
q00282,0.2933208333333333,0.2753346159070939,0.3113070507595727
q00283,0.19583333333333333,0.17784711590709393,0.21381955075957274
q00284,0.19583333333333333,0.16345814196610242,0.22820852470056424
q00285,0.07586206896551723,0.06725329719756663,0.08447084073346782
q00286,0.07586206896551723,0.06725329719756663,0.08447084073346782
q00287,0.07586206896551723,0.06725329719756663,0.08447084073346782
q00288,0.11578947368421053,0.10404839927594936,0.1275305480924717
q00289,0.1725405701754386,0.15628369791784624,0.18879744243303098
q00290,0.11578947368421053,0.10675787798554809,0.12482106938287296
q00291,0.3163681592039801,0.28889365368720227,0.3438426647207579
q00292,0.22388059701492538,0.19640609149814753,0.25135510253170323
q00293,0.2009098880597015,0.17343538254292365,0.22838439357647936
q00294,0.5,0.4418126703934427,0.5581873296065574
q00295,0.5444438062998003,0.48625647669324296,0.6026311359063576
q00296,0.4307377049180328,0.3859782206052964,0.4754971892307692
q00297,0.9666,0.8967963929376151,1.0
q00298,0.75,0.7112202182986751,0.7887797817013249
q00299,0.6001312915983154,0.5613515098969905,0.6389110732996403
q00300,0.10744041056394879,0.0980516921838047,0.11682912894409288
q00301,0.07586206896551723,0.06908132791319094,0.08264281001784352
q00302,0.10856261343012705,0.10334665877449145,0.11377856808576264
q00303,0.12040133779264214,0.0833283160017238,0.15747435958356049
q00304,0.13405452898550724,0.0969815071945889,0.17112755077642558
q00305,0.19583333333333333,0.14763840500513947,0.2440282616615272
q00306,0.6458333333333334,0.611933201178983,0.6797334654876838
q00307,0.6842375,0.6581604752658843,0.7103145247341158
q00308,0.6458333333333334,0.611933201178983,0.6797334654876838
q00309,0.6458333333333334,0.6076793818497923,0.6839872848168744
q00310,0.6458333333333334,0.6076793818497923,0.6839872848168744
q00311,0.6458333333333334,0.59623319640473,0.6954334702619367
q00312,0.12040133779264214,0.08034126238552775,0.16046141319975654
q00313,0.12040133779264214,0.06493354107509913,0.17586913451018515
q00314,0.12040133779264214,0.08958589517178492,0.15121678041349937
q00315,0.4180327868852459,0.32960694193133944,0.5064586318391524
q00316,0.5,0.43198011926622576,0.5680198807337742
q00317,0.4180327868852459,0.32960694193133944,0.5064586318391524
q00318,0.6458333333333334,0.5826049650969208,0.7090617015697459
q00319,0.6458333333333334,0.5826049650969208,0.7090617015697459
q00320,0.6458333333333334,0.5826049650969208,0.7090617015697459
q00321,0.19232867647058824,0.1848289485336255,0.19982840440755098
q00322,0.15,0.14250027206303725,0.15749972793696274
q00323,0.1925997549019608,0.18510002696499805,0.20009948283892354
q00324,0.0784313725490196,0.057722687701881915,0.0991400573961573
q00325,0.1225266544117647,0.08525102168691687,0.15980228713661254
q00326,0.0784313725490196,0.057722687701881915,0.0991400573961573
q00327,0.13224396551724138,0.12722285536056763,0.13726507567391513
q00328,0.07586206896551723,0.06411267119890064,0.08761146673213381
q00329,0.12511427801724137,0.12009316786056762,0.13013538817391512
q00330,0.75,0.6386550422564282,0.8613449577435718
q00331,0.75,0.6386550422564282,0.8613449577435718
q00332,0.6866673958311268,0.575322438087555,0.7980123535746986
q00333,0.19583333333333333,0.14435566472171563,0.24731100194495104
q00334,0.19583333333333333,0.12891236413823032,0.26275430252843635
q00335,0.19583333333333333,0.10317352983242148,0.28849313683424516
q00336,0.3815614754098361,0.3650178693527477,0.39810508146692447
q00337,0.4411065573770492,0.4245629513199608,0.45765016343413756
q00338,0.45901639344262296,0.4203043552690362,0.4977284316162097
q00339,0.4180327868852459,0.33682695027847753,0.4992386234920143
q00340,0.4180327868852459,0.38332943790799445,0.4527361358624974
q00341,0.3942018616282301,0.35949851265097865,0.4289052106054816
q00342,0.3333333333333333,0.2927339034024139,0.37393276326425273
q00343,0.3333333333333333,0.2927339034024139,0.37393276326425273
q00344,0.3333333333333333,0.2927339034024139,0.37393276326425273
q00345,0.6458333333333334,0.5394786679827693,0.7521879986838974
q00346,0.6458333333333334,0.5640220522944379,0.7276446143722288
q00347,0.6458333333333334,0.5640220522944379,0.7276446143722288
q00348,0.1794718137254902,0.14629496410117135,0.21264866334980906
q00349,0.19583333333333333,0.1361150040095594,0.25555166265710727
q00350,0.17910392156862748,0.14592707194430862,0.21228077119294633
q00351,0.11578947368421053,0.09843291212487036,0.1331460352435507
q00352,0.11578947368421053,0.1061469394845771,0.12543200788384395
q00353,0.11578947368421053,0.1061469394845771,0.12543200788384395
q00354,0.10856261343012705,0.0968474592416414,0.1202777676186127
q00355,0.07586206896551723,0.06414691477703158,0.08757722315400288
q00356,0.07586206896551723,0.06414691477703158,0.08757722315400288
q00357,0.11956659038901601,0.09629071236315859,0.14284246841487344
q00358,0.11905928533708854,0.09578340731123111,0.14233516336294597
q00359,0.11578947368421053,0.0925135956583531,0.13906535171006795
q00360,0.19583333333333333,0.16965274099179622,0.22201392567487044
q00361,0.19583333333333333,0.14870826711856652,0.24295839954810014
q00362,0.19583333333333333,0.16965274099179622,0.22201392567487044
q00363,0.19583333333333333,0.14745209213201466,0.244214574534652
q00364,0.19583333333333333,0.1586169939477036,0.23304967271896307
q00365,0.19583333333333333,0.14745209213201466,0.244214574534652
q00366,0.4053611256906573,0.3108402594095746,0.49988199197174
q00367,0.7239453808581079,0.6294245145770252,0.8184662471391906
q00368,0.7312769375174439,0.6367560712363612,0.8257978037985266
q00369,0.07808194726166329,0.06242894492954078,0.0937349495937858
q00370,0.07586206896551723,0.06020906663339472,0.09151507129763974
q00371,0.07586206896551723,0.06020906663339472,0.09151507129763974
q00372,0.07586206896551723,0.045404670850171094,0.10631946708086336
q00373,0.07586206896551723,0.06284608686494196,0.08887805106609249
q00374,0.07586206896551723,0.06284608686494196,0.08887805106609249
q00375,0.6458333333333334,0.5738013590981811,0.7178653075684857
q00376,0.6458333333333334,0.5738013590981811,0.7178653075684857
q00377,0.6458333333333334,0.5738013590981811,0.7178653075684857
q00378,0.19964776119402985,0.12831447988665418,0.27098104250140553
q00379,0.22388059701492538,0.1525473157075497,0.29521387832230106
q00380,0.3071194029850746,0.23578612167769897,0.37845268429245027
q00381,0.49753893442622954,0.45712773573236787,0.5379501331200912
q00382,0.75,0.7095888013061383,0.7904111986938617
q00383,0.31910820895522385,0.2786970102613622,0.3595194076490855
q00384,0.11578947368421053,0.097403848332066,0.13417509903635505
q00385,0.11578947368421053,0.097403848332066,0.13417509903635505
q00386,0.11578947368421053,0.097403848332066,0.13417509903635505
q00387,0.3333333333333333,0.280180080800207,0.3864865858664596
q00388,0.3333333333333333,0.280180080800207,0.3864865858664596
q00389,0.3333333333333333,0.2642341050402691,0.4024325616263975
q00390,0.07586206896551723,0.06425239652024974,0.08747174141078472
q00391,0.07586206896551723,0.06425239652024974,0.08747174141078472
q00392,0.07586206896551723,0.06425239652024974,0.08747174141078472
q00393,0.07586206896551723,0.054460167021895316,0.09726397090913913
q00394,0.07586206896551723,0.04803959643880874,0.10368454149222571
q00395,0.07586206896551723,0.037338645466997784,0.11438549246403668
q00396,0.19583333333333333,0.17667879546670578,0.21498787119996088
q00397,0.140625,0.12147046213337244,0.15977953786662755
q00398,0.19583333333333333,0.16135516517340373,0.23031150149326293
q00399,0.3333333333333333,0.31072438996166224,0.3559422767050044
q00400,0.3333333333333333,0.31072438996166224,0.3559422767050044
q00401,0.3333333333333333,0.31072438996166224,0.3559422767050044
q00402,0.4180327868852459,0.357271199164946,0.47879437460554586
q00403,0.35361885245901636,0.2928572647387164,0.4143804401793163
q00404,0.4180327868852459,0.357271199164946,0.47879437460554586
q00405,0.12040133779264214,0.08289165833053608,0.1579110172547482
q00406,0.11578947368421053,0.09495076287192937,0.13662818449649167
q00407,0.11578947368421053,0.09495076287192937,0.13662818449649167
q00408,0.19583333333333333,0.18254436108762376,0.2091223055790429
q00409,0.19583333333333333,0.18254436108762376,0.2091223055790429
q00410,0.19583333333333333,0.18254436108762376,0.2091223055790429
q00411,0.12040133779264214,0.10118634592447956,0.13961632966080473
q00412,0.13724764841137124,0.11803265654320866,0.15646264027953383
q00413,0.12040133779264214,0.09542184836403078,0.1453808272212535
q00414,0.06283529891858802,0.05459907366683976,0.07107152417033628
q00415,0.029585798816568046,0.021349573564819785,0.03782202406831631
q00416,0.029585798816568046,0.021349573564819785,0.03782202406831631
q00417,0.19583333333333333,0.176807012442553,0.21485965422411366
q00418,0.19583333333333333,0.176807012442553,0.21485965422411366
q00419,0.19583333333333333,0.17109911617531892,0.22056755049134774
q00420,0.4180327868852459,0.34616289260492283,0.489902681165569
q00421,0.4180327868852459,0.34616289260492283,0.489902681165569
q00422,0.4180327868852459,0.34616289260492283,0.489902681165569
q00423,1.0,0.9905925039632336,1.0
q00424,1.0,0.9905925039632336,1.0
q00425,1.0,0.9905925039632336,1.0
q00426,0.4180327868852459,0.3586739168080539,0.47739165696243796
q00427,0.3898305084745763,0.3126639773742266,0.466997039574926
q00428,0.3898305084745763,0.33047163839738425,0.4491893785517683
q00429,0.10396372523797273,0.09859315191831151,0.10933429855763395
q00430,0.10018660853316724,0.09481603521350603,0.10555718185282846
q00431,0.052723933891042636,0.045742188575483046,0.059705679206602226
q00432,0.4180327868852459,0.382963044433709,0.45310252933678286
q00433,0.3898305084745763,0.35476076602303935,0.4249002509261132
q00434,0.6105242486338798,0.5754545061823428,0.6455939910854167
q00435,0.10973418290854572,0.0999023282900052,0.11956603752708625
q00436,0.1582604462474645,0.14842859162892397,0.16809230086600502
q00437,0.07586206896551723,0.0660302143469767,0.08569392358405775
q00438,0.18261093750000001,0.14987061211603397,0.21535126288396605
q00439,0.148725,0.11598467461603394,0.18146532538396604
q00440,0.140625,0.10788467461603395,0.17336532538396604
q00441,0.3350273224043716,0.29208859509901136,0.37796604970973185
q00442,0.3442622950819672,0.30132356777660696,0.38720102238732745
q00443,0.38158266185051404,0.3386439345451538,0.4245213891558743
q00444,0.4180327868852459,0.35199507437402006,0.4840704993964718
q00445,0.4180327868852459,0.35199507437402006,0.4840704993964718
q00446,0.4180327868852459,0.29916490436503934,0.5369006694054524
q00447,0.19583333333333333,0.16264834353671015,0.2290183231299565
q00448,0.19583333333333333,0.16264834353671015,0.2290183231299565
q00449,0.19583333333333333,0.16264834353671015,0.2290183231299565
q00450,0.4180327868852459,0.3022529851247212,0.5338125886457706
q00451,0.4180327868852459,0.3022529851247212,0.5338125886457706
q00452,0.34747814207650274,0.1390744989075582,0.5558817852454473
q00453,0.3442622950819672,0.2542516409078672,0.4342729492560672
q00454,0.3898305084745763,0.2998198543004763,0.47984116264867627
q00455,0.6519237288135593,0.5619130746394593,0.7419343829876593
q00456,0.07586206896551723,0.06027824594791974,0.09144589198311472
q00457,0.07586206896551723,0.06027824594791974,0.09144589198311472
q00458,0.07586206896551723,0.055603099042640484,0.09612103888839396
q00459,0.3442622950819672,0.31313710655608334,0.37538748360785107
q00460,0.4180327868852459,0.38690759835936206,0.4491579754111298
q00461,0.4180327868852459,0.3775700418015969,0.4584955319688949
q00462,0.3333333333333333,0.26791919242058493,0.3987474742460817
q00463,0.3333333333333333,0.26791919242058493,0.3987474742460817
q00464,0.3333333333333333,0.26791919242058493,0.3987474742460817
q00465,0.07586206896551723,0.06144680852241304,0.0902773294086214
q00466,0.07586206896551723,0.05712223038948179,0.09460190754155266
q00467,0.07586206896551723,0.05712223038948179,0.09460190754155266
q00468,0.23333333333333334,0.2148128239885859,0.25185384267808075
q00469,0.23333333333333334,0.2148128239885859,0.25185384267808075
q00470,0.23333333333333334,0.2148128239885859,0.25185384267808075
q00471,0.17647058823529413,0.14719977118864058,0.20574140528194768
q00472,0.1510560661764706,0.12178524912981706,0.18032688322312415
q00473,0.19283210784313726,0.1635612907964837,0.2221029248897908
q00474,0.12040133779264214,0.08929449644873028,0.151508179136554
q00475,0.13787458193979935,0.11394624244448252,0.16180292143511615
q00476,0.12040133779264214,0.08929449644873028,0.151508179136554
q00477,0.13405452898550724,0.09634407947400378,0.1717649784970107
q00478,0.19583333333333333,0.15812288382182987,0.2335437828448368
q00479,0.19583333333333333,0.14680974896837884,0.24485691769828782
q00480,0.12040133779264214,0.10194400813258363,0.13885866745270067
q00481,0.12040133779264214,0.10194400813258363,0.13885866745270067
q00482,0.17776737040133778,0.15931004074127925,0.1962247000613963
q00483,0.3333333333333333,0.29632304269216025,0.3703436239745064
q00484,0.3333333333333333,0.30486387899396944,0.3618027876726972
q00485,0.3333333333333333,0.30486387899396944,0.3618027876726972
q00486,0.3898305084745763,0.34103465553083223,0.43862636141832034
q00487,0.3898305084745763,0.34103465553083223,0.43862636141832034
q00488,0.26362560080951175,0.2148297478657677,0.3124214537532558
q00489,0.3898305084745763,0.31907053869691904,0.46059047825223354
q00490,0.3898305084745763,0.31907053869691904,0.46059047825223354
q00491,0.35187218671853293,0.2811122169408757,0.4226321564961902
q00492,0.22388059701492538,0.19330670933723665,0.2544544846926141
q00493,0.22388059701492538,0.19330670933723665,0.2544544846926141
q00494,0.2009098880597015,0.17033600038201274,0.23148377573739026
q00495,0.4180327868852459,0.3514736150666658,0.48459195870382604
q00496,0.4180327868852459,0.3514736150666658,0.48459195870382604
q00497,0.4180327868852459,0.33150586352109174,0.5045597102494002
q00498,0.029585798816568046,0.026365344252225323,0.03280625338091077
q00499,0.06239567435217301,0.05917521978783029,0.06561612891651573
q00500,0.029585798816568046,0.026365344252225323,0.03280625338091077
q00501,0.19583333333333333,0.1642834188194489,0.22738324784721775
q00502,0.19583333333333333,0.13904348720834137,0.2526231794583253
q00503,0.19583333333333333,0.1642834188194489,0.22738324784721775
q00504,0.19583333333333333,0.16622609039177877,0.2254405762748879
q00505,0.19583333333333333,0.16622609039177877,0.2254405762748879
q00506,0.19583333333333333,0.16622609039177877,0.2254405762748879
q00507,0.19583333333333333,0.16552015979392495,0.2261465068727417
q00508,0.19583333333333333,0.16552015979392495,0.2261465068727417
q00509,0.3778146857923497,0.35449685999280484,0.4011325115918946
q00510,0.17647058823529413,0.1633810234876844,0.18956015298290385
q00511,0.19583333333333333,0.17881689916144067,0.212849767505226
q00512,0.18110796568627452,0.1680184009386648,0.19419753043388424
q00513,0.029585798816568046,0.019185526785881347,0.039986070847254744
q00514,0.029585798816568046,0.015185422158694154,0.04398617547444194
q00515,0.029585798816568046,0.010865309161331986,0.048306288471804106
q00516,0.3898305084745763,0.3313738608167409,0.44828715613241166
q00517,0.3898305084745763,0.3313738608167409,0.44828715613241166
q00518,0.3898305084745763,0.31383686651939025,0.46582415042976233
q00519,0.12040133779264214,0.11396033798166809,0.12684233760361618
q00520,0.12040133779264214,0.11202803803837587,0.1287746375469084
q00521,0.12040133779264214,0.11396033798166809,0.12684233760361618
q00522,0.36704640177827175,0.28382983461229916,0.45026296894424434
q00523,0.3898305084745763,0.32581776450075123,0.45384325244840135
q00524,0.24229565677966103,0.17828291280583597,0.3063084007534861
q00525,0.19583333333333333,0.14714133041074706,0.2445253362559196
q00526,0.19583333333333333,0.14714133041074706,0.2445253362559196
q00527,0.19583333333333333,0.14714133041074706,0.2445253362559196
q00528,0.19583333333333333,0.1729764056491296,0.21869026101753705
q00529,0.19583333333333333,0.1729764056491296,0.21869026101753705
q00530,0.13066008918617616,0.10780316150197244,0.15351701687037989
q00531,0.07586206896551723,0.06919527266099267,0.08252886527004179
q00532,0.07586206896551723,0.06919527266099267,0.08252886527004179
q00533,0.07586206896551723,0.06386183561737302,0.08786230231366143
q00534,0.19583333333333333,0.15985098033506595,0.2318156863316007
q00535,0.19583333333333333,0.1758431372231848,0.21582352944348188
q00536,0.19583333333333333,0.1698460783901402,0.22182058827652645
q00537,0.19583333333333333,0.17294388407331732,0.21872278259334935
q00538,0.19583333333333333,0.17294388407331732,0.21872278259334935
q00539,0.19583333333333333,0.16607704929531253,0.22558961737135413
q00540,0.3333333333333333,0.30384112128057483,0.3628255453860918
q00541,0.3333333333333333,0.30384112128057483,0.3628255453860918
q00542,0.5973958333333333,0.5679036212805749,0.6268880453860918
q00543,0.140625,0.09967328091052108,0.18157671908947892
q00544,0.140625,0.09967328091052108,0.18157671908947892
q00545,0.18832500000000002,0.15682367762347776,0.21982632237652228
q00546,0.1419,0.109468991758185,0.174331008241815
q00547,0.15,0.117568991758185,0.182431008241815
q00548,0.15,0.117568991758185,0.182431008241815
q00549,0.11578947368421053,0.09459561525768181,0.13698333211073924
q00550,0.12040133779264214,0.09920747936611343,0.14159519621917085
q00551,0.11578947368421053,0.08823745772972322,0.14334148963869783
q00552,0.07586206896551723,0.06369884569198836,0.0880252922390461
q00553,0.05288141072248287,0.04768345205858165,0.05807936938638409
q00554,0.07586206896551723,0.070664110301616,0.08106002762941845
q00555,0.11578947368421053,0.10004223677975674,0.1315367105886643
q00556,0.11578947368421053,0.09531806570842061,0.13626088166000044
q00557,0.08129219600725951,0.06554495910280572,0.0970394329117133
q00558,0.35337274590163936,0.29363290613912224,0.4131125856641565
q00559,0.19583333333333333,0.16264453346526825,0.22902213320139841
q00560,0.19583333333333333,0.16264453346526825,0.22902213320139841
q00561,0.4180327868852459,0.3486184719282778,0.48744710184221407
q00562,0.39366601833842735,0.32425170338145926,0.46308033329539544
q00563,0.4180327868852459,0.3486184719282778,0.48744710184221407
q00564,0.0,0.0,0.0058301747569011
q00565,0.0,0.0,0.007579227183971431
q00566,0.07586206896551723,0.07003189420861612,0.08169224372241833
q00567,0.140625,0.13048529372973536,0.15076470627026464
q00568,0.140625,0.13048529372973536,0.15076470627026464
q00569,0.140625,0.12744338184865595,0.15380661815134405
q00570,0.6458333333333334,0.5674901201500705,0.7241765465165962
q00571,0.45926468579234975,0.3809214726090869,0.5376078989756127
q00572,0.6458333333333334,0.5439871561950916,0.7476795104715751
q00573,0.23876616915422888,0.20976157702891532,0.2677707612795424
q00574,0.3333333333333333,0.2956273635704257,0.37103930309624095
q00575,0.3333333333333333,0.3043287412080198,0.36233792545864685
q00576,0.19583333333333333,0.14169782048376733,0.24996884618289933
q00577,0.19583333333333333,0.14169782048376733,0.24996884618289933
q00578,0.19583333333333333,0.14169782048376733,0.24996884618289933
q00579,0.029585798816568046,0.02318033843703686,0.03599125919609923
q00580,0.029585798816568046,0.018055970133411915,0.04111562749972418
q00581,0.029585798816568046,0.02318033843703686,0.03599125919609923
q00582,0.15,0.12622717737826672,0.17377282262173327
q00583,0.12442675585284281,0.10065393323110954,0.1481995784745761
q00584,0.1875375,0.16376467737826672,0.21131032262173327
q00585,0.75,0.7103045801519001,0.7896954198480999
q00586,0.7202133704744405,0.6805179506263406,0.7599087903225403
q00587,0.75,0.6785482442734203,0.8214517557265797
q00588,0.07586206896551723,0.07196681424006858,0.07975732369096587
q00589,0.11035934664246824,0.1064640919170196,0.11425460136791689
q00590,0.07586206896551723,0.07196681424006858,0.07975732369096587
q00591,0.12040133779264214,0.11046098292344833,0.13034169266183596
q00592,0.11578947368421053,0.10584911881501671,0.12572982855340434
q00593,0.11578947368421053,0.10286701235425857,0.12871193501416248
q00594,0.15,0.11417488396708918,0.1858251160329108
q00595,0.12534431438127092,0.06085910552203144,0.1898295232405104
q00596,0.18872916666666667,0.15290405063375584,0.2245542826995775
q00597,0.07586206896551723,0.064283200658818,0.08744093727221645
q00598,0.07586206896551723,0.06080954016680823,0.09091459776422622
q00599,0.07586206896551723,0.064283200658818,0.08744093727221645
q00600,0.3333333333333333,0.2786545761754217,0.3880120904912449
q00601,0.3333333333333333,0.2786545761754217,0.3880120904912449
q00602,0.3333333333333333,0.26225094902804824,0.4044157176386184
q00603,0.42857142857142855,0.3246379398169197,0.5325049173259374
q00604,0.6458333333333334,0.565884495829865,0.7257821708368017
q00605,0.42857142857142855,0.34862259106796023,0.5085202660748969
q00606,0.75,0.7149508625418173,0.7850491374581827
q00607,0.75,0.7044361213043624,0.7955638786956376
q00608,0.75,0.7149508625418173,0.7850491374581827
q00609,0.19583333333333333,0.1324455463085497,0.25922112035811695
q00610,0.19583333333333333,0.1324455463085497,0.25922112035811695
q00611,0.19583333333333333,0.1134292102011146,0.2782374564655521
q00612,0.06239567435217301,0.043987202334340406,0.08080414637000562
q00613,0.029585798816568046,0.016290791248133384,0.042880806385002704
q00614,0.029585798816568046,0.01935886991777215,0.03981272771536394
q00615,0.8334,0.8184745902619769,0.8483254097380232
q00616,1.0,0.9850745902619769,1.0
q00617,1.0,0.9731342624715583,1.0
q00618,0.07586206896551723,0.06851493884958615,0.0832091990814483
q00619,0.07586206896551723,0.06631079981480684,0.08541333811622762
q00620,0.10622686025408348,0.0988797301381524,0.11357399037001456
q00621,0.3442622950819672,0.23646237680933907,0.45206221335459534
q00622,0.3442622950819672,0.20412240132755063,0.48440218883638375
q00623,0.33515846994535514,0.227358551672727,0.4429583882179833
q00624,0.5,0.4500833956210604,0.5499166043789395
q00625,0.5,0.4500833956210604,0.5499166043789395
q00626,0.45901639344262296,0.3941248077500015,0.5239079791352443
q00627,0.14597458193979934,0.13927671517322118,0.1526724487063775
q00628,0.140625,0.13392713323342184,0.14732286676657816
q00629,0.12040133779264214,0.10834517761280145,0.13245749797248285
q00630,0.19583333333333333,0.1768768436724227,0.21478982299424396
q00631,0.19583333333333333,0.16171165194369422,0.22995501472297245
q00632,0.17997524509803922,0.1610187554371286,0.19893173475894985
q00633,0.8,0.7389420725355927,0.8610579274644073
q00634,0.8,0.7206246942962705,0.8793753057037296
q00635,0.8,0.7389420725355927,0.8610579274644073
q00636,0.2933208333333333,0.28010832048379025,0.30653334618287637
q00637,0.3333773305084746,0.3095948073792971,0.3571598536376521
q00638,0.19583333333333333,0.18262082048379027,0.2090458461828764
q00639,0.4180327868852459,0.4042720813275431,0.43179349244294873
q00640,0.4180327868852459,0.4001438696602323,0.43592170411025954
q00641,0.4180327868852459,0.4042720813275431,0.43179349244294873
q00642,0.19583333333333333,0.16042930338423617,0.2312373632824305
q00643,0.19583333333333333,0.16859946414172014,0.22306720252494652
q00644,0.19583333333333333,0.16042930338423617,0.2312373632824305
q00645,0.07586206896551723,0.06241953234991675,0.0893046055811177
q00646,0.07586206896551723,0.06241953234991675,0.0893046055811177
q00647,0.07586206896551723,0.06241953234991675,0.0893046055811177
q00648,0.3898305084745763,0.38474860993486265,0.3949124070142899
q00649,0.23094682203389832,0.2258649234941847,0.23602872057361196
q00650,0.41419727702139486,0.4091153784816812,0.4192791755611085
q00651,0.75,0.7003894553194095,0.7996105446805905
q00652,0.75,0.6855062919152324,0.8144937080847676
q00653,0.6458333333333334,0.5962227886527429,0.6954438780139238
q00654,0.22388059701492538,0.197104540318631,0.25065665371121976
q00655,0.22388059701492538,0.1890717233097427,0.25868947072010806
q00656,0.22388059701492538,0.197104540318631,0.25065665371121976
q00657,0.1453125,0.11288501262795494,0.17773998737204508
q00658,0.1432640625,0.12940616191365598,0.15712196308634405
q00659,0.1432640625,0.12940616191365598,0.15712196308634405
q00660,0.12534431438127092,0.056475525192678414,0.19421310356986343
q00661,0.1257586956521739,0.08749825721406695,0.16401913409028085
q00662,0.16388333333333333,0.12562289489522638,0.20214377177144027
q00663,0.4180327868852459,0.3538353005481579,0.4822302732223339
q00664,0.4180327868852459,0.33457605464703155,0.5014895191234603
q00665,0.4180327868852459,0.33457605464703155,0.5014895191234603
q00666,0.4180327868852459,0.3195183894317083,0.5165471843387835
q00667,0.4180327868852459,0.34225248115175544,0.4938130926187364
q00668,0.4180327868852459,0.34225248115175544,0.4938130926187364
q00669,0.19583333333333333,0.15566312951968977,0.2360035371469769
q00670,0.19583333333333333,0.12352696646877494,0.26813970019789174
q00671,0.19583333333333333,0.15566312951968977,0.2360035371469769
q00672,0.140625,0.08703114943297555,0.19421885056702445
q00673,0.140625,0.09939896110228888,0.18185103889771112
q00674,0.1237786893812709,0.08255265048355978,0.16500472827898202
q00675,0.11578947368421053,0.09751275401589851,0.13406619335252254
q00676,0.11578947368421053,0.10173045855473975,0.1298484888136813
q00677,0.11578947368421053,0.10173045855473975,0.1298484888136813
q00678,0.75,0.6856799099662798,0.8143200900337202
q00679,0.6632291666666668,0.5474530046059704,0.7790053287273632
q00680,0.75,0.6856799099662798,0.8143200900337202
q00681,0.19583333333333333,0.17460022885848725,0.2170664378081794
q00682,0.22752083333333334,0.20628772885848726,0.24875393780817942
q00683,0.19583333333333333,0.17460022885848725,0.2170664378081794
q00684,0.3898305084745763,0.31321071558374886,0.4664503013654037
q00685,0.48005932203389834,0.4034395291430709,0.5566791149247258
q00686,0.3898305084745763,0.31321071558374886,0.4664503013654037
q00687,0.19583333333333333,0.15951561225521363,0.23215105441145303
q00688,0.19583333333333333,0.11084986601053323,0.28081680065613346
q00689,0.19583333333333333,0.14862029593177772,0.24304637073488894
q00690,0.07586206896551723,0.06562846371450731,0.08609567421652714
q00691,0.07586206896551723,0.06562846371450731,0.08609567421652714
q00692,0.07586206896551723,0.06562846371450731,0.08609567421652714
q00693,0.1374903323578595,0.1066671712370715,0.16831349347864752
q00694,0.13787458193979935,0.10705142081901134,0.16869774306058735
q00695,0.11650431262101743,0.08568115150022942,0.14732747374180544
q00696,0.19583333333333333,0.1755273760311548,0.21613929063551185
q00697,0.19583333333333333,0.14831739324623558,0.24334927342043108
q00698,0.19583333333333333,0.1755273760311548,0.21613929063551185
q00699,0.4180327868852459,0.2817883830715808,0.554277190698911
q00700,0.4180327868852459,0.3423414514332097,0.49372412233728213
q00701,0.4180327868852459,0.3423414514332097,0.49372412233728213
q00702,0.23333333333333334,0.18285035567727503,0.28381631098939164
q00703,0.23333333333333334,0.18285035567727503,0.28381631098939164
q00704,0.23333333333333334,0.16770546238045753,0.29896120428620915
q00705,0.3120208333333333,0.30317249082018605,0.32086917584648056
q00706,0.18192120098039216,0.1730728584672449,0.19076954349353942
q00707,0.19583333333333333,0.18698499082018608,0.2046816758464806
q00708,0.3442622950819672,0.2921835994069921,0.3963409907569423
q00709,0.40659836065573773,0.3545196649807626,0.4586770563307129
q00710,0.3442622950819672,0.2921835994069921,0.3963409907569423
q00711,0.19583333333333333,0.18367589069521253,0.20799077597145413
q00712,0.19583333333333333,0.17394993658471591,0.21771673008195075
q00713,0.19415354326334014,0.18199610062521934,0.20631098590146094
q00714,0.10744041056394879,0.07537659716457334,0.13950422396332424
q00715,0.07586206896551723,0.05270487039930163,0.09901926753173282
q00716,0.10622686025408348,0.08841363058776379,0.12404008992040318
q00717,0.12040133779264214,0.09322751366047516,0.14757516192480913
q00718,0.12040133779264214,0.09322751366047516,0.14757516192480913
q00719,0.12040133779264214,0.08507536642082507,0.1557273091644592
q00720,0.75,0.7019146209194771,0.7980853790805229
q00721,0.6619791666666668,0.6138937875861439,0.7100645457471897
q00722,0.70775,0.6596646209194771,0.7558353790805229
q00723,0.07586206896551723,0.06556104659481958,0.08616309133621487
q00724,0.07586206896551723,0.05732022869826145,0.094403909232773
q00725,0.07586206896551723,0.0679382056034421,0.08378593232759235
q00726,0.22388059701492538,0.19010337612726363,0.2576578179025871
q00727,0.22388059701492538,0.20511547429955773,0.24264571973029303
q00728,0.22388059701492538,0.20511547429955773,0.24264571973029303
q00729,0.19583333333333333,0.1725651415704879,0.21910152509617875
q00730,0.19583333333333333,0.1725651415704879,0.21910152509617875
q00731,0.19583333333333333,0.1725651415704879,0.21910152509617875
q00732,0.75,0.6940674890526479,0.8059325109473521
q00733,0.75,0.6940674890526479,0.8059325109473521
q00734,0.75,0.7069749915789599,0.7930250084210401
q00735,0.12040133779264214,0.09992871573346682,0.14087395985181747
q00736,0.12040133779264214,0.09992871573346682,0.14087395985181747
q00737,0.14505702341137122,0.1245844013521959,0.16552964547054655
q00738,0.19583333333333333,0.1574356495603133,0.23423101710635336
q00739,0.19583333333333333,0.1459163444284073,0.24575032223825935
q00740,0.19583333333333333,0.1574356495603133,0.23423101710635336
q00741,0.24841967213114755,0.21192705145609197,0.2849122928062031
q00742,0.3442622950819672,0.3077696744069116,0.3807549157570228
q00743,0.3442622950819672,0.296821888204395,0.39170270195953943
q00744,0.17647058823529413,0.15487433302073234,0.19806684344985592
q00745,0.15,0.1284037447854382,0.1715962552145618
q00746,0.15,0.1111267406137888,0.1888732593862112
q00747,0.15833333333333333,0.13052007556353984,0.1861465911031268
q00748,0.14466145833333333,0.12326664466426143,0.16605627200240522
q00749,0.1715686274509804,0.1437553696811869,0.19938188522077388
q00750,0.4180327868852459,0.3093954504508448,0.526670123319647
q00751,0.4180327868852459,0.3093954504508448,0.526670123319647
q00752,0.4180327868852459,0.3093954504508448,0.526670123319647
q00753,0.029585798816568046,0.02345764928930448,0.03571394834383161
q00754,0.029585798816568046,0.02345764928930448,0.03571394834383161
q00755,0.029585798816568046,0.02161920443112541,0.03755239320201068
q00756,0.19583333333333333,0.15602398590510608,0.23564268076156059
q00757,0.19583333333333333,0.15602398590510608,0.23564268076156059
q00758,0.19583333333333333,0.16521075838854313,0.22645590827812354
q00759,0.6458333333333334,0.6125304426328397,0.679136224033827
q00760,0.6458333333333334,0.6025395754226917,0.6891270912439751
q00761,0.7196875,0.6597422967391116,0.7796327032608885
q00762,0.12890290948275862,0.11571903370392872,0.14208678526158852
q00763,0.07586206896551723,0.06267819318668733,0.08904594474434713
q00764,0.11233973013493254,0.09915585435610264,0.12552360591376244
q00765,0.12040133779264214,0.10207442323452731,0.13872825235075698
q00766,0.12040133779264214,0.09502560994294468,0.1457770656423396
q00767,0.12040133779264214,0.09502560994294468,0.1457770656423396
q00768,0.3442622950819672,0.30363496449562727,0.38488962566830714
q00769,0.3353114754098361,0.29468414482349614,0.375938805996176
q00770,0.3442622950819672,0.2914467653197253,0.3970778248442091
q00771,0.35337274590163936,0.30173328668377825,0.4050122051195005
q00772,0.19583333333333333,0.16714474487896602,0.22452192178770064
q00773,0.19583333333333333,0.15853816834265586,0.2331284983240108
q00774,0.12040133779264214,0.10755674213394409,0.1332459334513402
q00775,0.12040133779264214,0.11052087959364364,0.13028179599164064
q00776,0.12040133779264214,0.11052087959364364,0.13028179599164064
q00777,0.15,0.1212674343703527,0.1787325656296473
q00778,0.16666666666666666,0.11494804853330153,0.21838528480003178
q00779,0.14483911382569276,0.11610654819604546,0.17357167945534005
q00780,0.19583333333333333,0.17889069657701942,0.21277597008964724
q00781,0.19583333333333333,0.17380790555012524,0.21785876111654143
q00782,0.19583333333333333,0.17889069657701942,0.21277597008964724
q00783,0.1925997549019608,0.17747968339287415,0.20771982641104744
q00784,0.17647058823529413,0.16135051672620748,0.19159065974438078
q00785,0.1925997549019608,0.17747968339287415,0.20771982641104744
q00786,0.3898305084745763,0.33906961898338234,0.44059139796577024
q00787,0.3898305084745763,0.33906961898338234,0.44059139796577024
q00788,0.4180327868852459,0.37898594881509673,0.4570796249553951
q00789,0.11977412427389544,0.1009103820021123,0.13863786654567858
q00790,0.11977412427389544,0.1009103820021123,0.13863786654567858
q00791,0.11578947368421053,0.09692573141242738,0.13465321595599367
q00792,0.3442622950819672,0.2894128167824344,0.3991117733815
q00793,0.3333333333333333,0.2784838550338005,0.3881828116328661
q00794,0.40800000000000003,0.35315052170046723,0.4628494782995328
q00795,0.19583333333333333,0.14802534253000055,0.24364132413666612
q00796,0.19583333333333333,0.14802534253000055,0.24364132413666612
q00797,0.19583333333333333,0.14802534253000055,0.24364132413666612
q00798,0.4180327868852459,0.32726195205132447,0.5088036217191674
q00799,0.4180327868852459,0.32726195205132447,0.5088036217191674
q00800,0.4089082064232712,0.31813737158934974,0.49967904125719265
q00801,0.07586206896551723,0.0704556931167943,0.08126844481424016
q00802,0.10744041056394879,0.0977089340362475,0.11717188709165008
q00803,0.07586206896551723,0.0704556931167943,0.08126844481424016
q00804,0.12040133779264214,0.10349749962436677,0.1373051759609175
q00805,0.12040133779264214,0.08997442908974648,0.1508282464955378
q00806,0.1738826226309922,0.14345571392809653,0.20430953133388785
q00807,0.07586206896551723,0.06610512027459485,0.0856190176564396
q00808,0.11578947368421053,0.10603252499328815,0.12554642237513292
q00809,0.07586206896551723,0.06610512027459485,0.0856190176564396
q00810,0.19583333333333333,0.17975965032196276,0.2119070163447039
q00811,0.19583333333333333,0.1834689617861252,0.20819770488054146
q00812,0.17910392156862748,0.16673955002141935,0.1914682931158356
q00813,0.13696451714046823,0.12113509453604693,0.15279393974488953
q00814,0.12040133779264214,0.10457191518822084,0.13623076039706344
q00815,0.140625,0.1247955773955787,0.1564544226044213
q00816,0.11578947368421053,0.09795548807768362,0.13362345929073743
q00817,0.11578947368421053,0.09260529239572556,0.1389736549726955
q00818,0.11578947368421053,0.09795548807768362,0.13362345929073743
q00819,0.75,0.632790946166615,0.867209053833385
q00820,0.75,0.632790946166615,0.867209053833385
q00821,0.75,0.6598391893589346,0.8401608106410654
q00822,0.12040133779264214,0.10874347427258144,0.13205920131270285
q00823,0.12040133779264214,0.10874347427258144,0.13205920131270285
q00824,0.13787458193979935,0.12621671841973864,0.14953244545986005
q00825,0.11578947368421053,0.10668128641126955,0.1248976609571515
q00826,0.08205081669691469,0.07294262942397371,0.09115900396985567
q00827,0.11578947368421053,0.10668128641126955,0.1248976609571515
q00828,0.6458333333333334,0.584470045271256,0.7071966213954107
q00829,0.6458333333333334,0.584470045271256,0.7071966213954107
q00830,0.6458333333333334,0.584470045271256,0.7071966213954107
q00831,0.19583333333333333,0.1418407801912694,0.24982588647539727
q00832,0.19583333333333333,0.1418407801912694,0.24982588647539727
q00833,0.19583333333333333,0.1418407801912694,0.24982588647539727
q00834,0.07586206896551723,0.07051261309840963,0.08121152483262482
q00835,0.07586206896551723,0.07051261309840963,0.08121152483262482
q00836,0.07586206896551723,0.07051261309840963,0.08121152483262482
q00837,0.19583333333333333,0.17463587643619938,0.21703079023046729
q00838,0.15061770833333332,0.12942025143619937,0.17181516523046728
q00839,0.19583333333333333,0.17463587643619938,0.21703079023046729
q00840,0.75,0.7010529056125042,0.7989470943874958
q00841,0.75,0.7010529056125042,0.7989470943874958
q00842,0.75,0.6863687772962555,0.8136312227037445
q00843,0.6458333333333334,0.5909343970064198,0.7007322696602469
q00844,0.7761041666666667,0.7212052303397531,0.8310031029935803
q00845,0.6458333333333334,0.5909343970064198,0.7007322696602469
q00846,0.17910392156862748,0.1517672922803539,0.20644055085690105
q00847,0.19583333333333333,0.16849670404505976,0.2231699626216069
q00848,0.17910392156862748,0.1517672922803539,0.20644055085690105
q00849,0.19583333333333333,0.17369949963397688,0.21796716703268978
q00850,0.19583333333333333,0.17880730741075143,0.21285935925591523
q00851,0.19583333333333333,0.17880730741075143,0.21285935925591523
q00852,0.4180327868852459,0.3605953508251133,0.47547022294537855
q00853,0.4180327868852459,0.37385014376206693,0.4622154300084249
q00854,0.3619303278688525,0.3177476847456735,0.4061129709920315
q00855,1.0,0.9529027293105156,1.0
q00856,0.809875,0.7736463302388581,0.8461036697611419
q00857,1.0,0.9529027293105156,1.0
q00858,0.11578947368421053,0.10397872359170558,0.12760022377671545
q00859,0.11578947368421053,0.1004354985639541,0.13114344880446693
q00860,0.1813453947368421,0.16953464464433718,0.19315614482934704
q00861,0.11578947368421053,0.10914878479228188,0.12243016257613917
q00862,0.11578947368421053,0.11068125145965003,0.12089769590877102
q00863,0.11578947368421053,0.11068125145965003,0.12089769590877102
q00864,0.3898305084745763,0.3174362839192092,0.4622247330299434
q00865,0.4215593220338983,0.3491650974785312,0.4939535465892654
q00866,0.3898305084745763,0.3174362839192092,0.4622247330299434
q00867,0.22388059701492538,0.17870093941376738,0.26906025461608335
q00868,0.22388059701492538,0.19878078723650427,0.2489804067933465
q00869,0.2310694029850746,0.2059695932066535,0.2561692127634957
q00870,0.19583333333333333,0.17328101925974929,0.21838564740691738
q00871,0.19583333333333333,0.17328101925974929,0.21838564740691738
q00872,0.19583333333333333,0.17328101925974929,0.21838564740691738
q00873,0.6458333333333334,0.5933620301304668,0.6983046365361999
q00874,0.6458333333333334,0.5933620301304668,0.6983046365361999
q00875,0.4180327868852459,0.3655614836823794,0.47050409008811245
q00876,0.07768370520622042,0.06371931129298879,0.09164809911945206
q00877,0.07586206896551723,0.0618976750522856,0.08982646287874886
q00878,0.07586206896551723,0.0618976750522856,0.08982646287874886
q00879,0.07586206896551723,0.05897959621019759,0.09274454172083686
q00880,0.07586206896551723,0.0664829174347841,0.08524122049625035
q00881,0.07586206896551723,0.06366917197556415,0.0880549659554703
q00882,0.19583333333333333,0.1756878968374888,0.21597876982917785
q00883,0.19583333333333333,0.1756878968374888,0.21597876982917785
q00884,0.19583333333333333,0.1756878968374888,0.21597876982917785
q00885,0.4180327868852459,0.3408325135349287,0.4952330602355631
q00886,0.6533975409836066,0.5465048548062443,0.7602902271609688
q00887,0.4180327868852459,0.3586479612311558,0.47741761253933607
q00888,0.4180327868852459,0.38822627536958665,0.4478392984009052
q00889,0.4180327868852459,0.38822627536958665,0.4478392984009052
q00890,0.4180327868852459,0.3792843219148888,0.45678125185560303
q00891,0.3333333333333333,0.2318428933766858,0.43482377328998084
q00892,0.2207208333333333,0.11923039337668577,0.32221127328998084
q00893,0.24883333333333332,0.14734289337668577,0.3503237732899809
q00894,0.4180327868852459,0.36160068603427337,0.4744648877362185
q00895,0.3442622950819672,0.3008529867350653,0.38767160342886914
q00896,0.4180327868852459,0.36160068603427337,0.4744648877362185
q00897,0.23333333333333334,0.18100806593851923,0.2856586007281474
q00898,0.20209583333333334,0.14977056593851923,0.25442110072814744
q00899,0.23333333333333334,0.18100806593851923,0.2856586007281474
